ClpX_Mutant,Avg_Hydrolysis,SD
No XP,0.05270078622,0.06626616612
WT,0.65,0.136821051
L12S,0.4466666667,0.1076413799
A30S,,
H23A,0.9216666667,0.09537644713
L13A,1.2,0.0608276253