ClpX_Mutant,MqsA_NTD_Degradation,SD
No XP,0.791150255273311,0.00
WT,0.677615129155424,0.101453786116299
L12S,0.658385125516092,0.0460853946012636
A30S,,
H23A,0.502269061894618,0.13053031129823
L13A,,
